<?xml version="1.0" encoding="utf-8"?>
<VugenScriptMetadata>
  <ScriptName>UC2_BuyTicket</ScriptName>
  <Protocol>Web - HTTP/HTML</Protocol>
  <ActionFiles>
    <FileEntry Name="vuser_init.c" Filter="2" />
    <FileEntry Name="Action.c" Filter="2" />
    <FileEntry Name="vuser_end.c" Filter="2" />
  </ActionFiles>
  <GeneralFiles>
    <FileEntry Name="UC2_BuyTicket.usr" Filter="4" />
    <FileEntry Name="default.cfg" Filter="4" />
    <FileEntry Name="default.usp" Filter="4" />
    <FileEntry Name="DfeConfig\" Filter="4" />
    <FileEntry Name="UC2_BuyTicket.prm" Filter="2" />
    <FileEntry Name="globals.h" Filter="2" />
    <FileEntry Name="cities.dat" Filter="2" />
    <FileEntry Name="seatPref.dat" Filter="2" />
    <FileEntry Name="userData.dat" Filter="2" />
    <FileEntry Name="combined_UC2_BuyTicket.c" Filter="2" />
    <FileEntry Name="pre_cci.c" Filter="2" />
    <FileEntry Name="146023534440.idx" Filter="1" />
    <FileEntry Name="192967160440.idx" Filter="1" />
    <FileEntry Name="196871087440.idx" Filter="1" />
    <FileEntry Name="19687108744_0cy.209.idx" Filter="1" />
    <FileEntry Name="19687108744_2vx.867.idx" Filter="1" />
    <FileEntry Name="19687108744_5zC.413.idx" Filter="1" />
    <FileEntry Name="19687108744_87u.825.idx" Filter="1" />
    <FileEntry Name="19687108744_ax5.913.idx" Filter="1" />
    <FileEntry Name="19687108744_aYy.539.idx" Filter="1" />
    <FileEntry Name="19687108744_bzb.377.idx" Filter="1" />
    <FileEntry Name="19687108744_Hvj.427.idx" Filter="1" />
    <FileEntry Name="19687108744_Il0.499.idx" Filter="1" />
    <FileEntry Name="19687108744_Ivc.457.idx" Filter="1" />
    <FileEntry Name="19687108744_J1q.369.idx" Filter="1" />
    <FileEntry Name="19687108744_jj3.57.idx" Filter="1" />
    <FileEntry Name="19687108744_kjZ.3.idx" Filter="1" />
    <FileEntry Name="19687108744_Kor.877.idx" Filter="1" />
    <FileEntry Name="19687108744_L1F.727.idx" Filter="1" />
    <FileEntry Name="19687108744_oZU.869.idx" Filter="1" />
    <FileEntry Name="19687108744_pgC.887.idx" Filter="1" />
    <FileEntry Name="19687108744_R8U.879.idx" Filter="1" />
    <FileEntry Name="19687108744_tpH.785.idx" Filter="1" />
    <FileEntry Name="19687108744_uKX.109.idx" Filter="1" />
    <FileEntry Name="19687108744_Vdi.183.idx" Filter="1" />
    <FileEntry Name="19687108744_Wrz.753.idx" Filter="1" />
    <FileEntry Name="19687108744_Ws7.417.idx" Filter="1" />
    <FileEntry Name="19687108744_wSQ.197.idx" Filter="1" />
    <FileEntry Name="19687108744_Yzr.123.idx" Filter="1" />
    <FileEntry Name="19687108744_Z4v.397.idx" Filter="1" />
    <FileEntry Name="236057413440.idx" Filter="1" />
    <FileEntry Name="238974509440.idx" Filter="1" />
    <FileEntry Name="23897450944_09y.428.idx" Filter="1" />
    <FileEntry Name="23897450944_0Zz.754.idx" Filter="1" />
    <FileEntry Name="23897450944_1wa.378.idx" Filter="1" />
    <FileEntry Name="23897450944_3zt.868.idx" Filter="1" />
    <FileEntry Name="23897450944_4MM.198.idx" Filter="1" />
    <FileEntry Name="23897450944_5NL.458.idx" Filter="1" />
    <FileEntry Name="23897450944_Bda.4.idx" Filter="1" />
    <FileEntry Name="23897450944_bGf.878.idx" Filter="1" />
    <FileEntry Name="23897450944_bMv.124.idx" Filter="1" />
    <FileEntry Name="23897450944_bV1.870.idx" Filter="1" />
    <FileEntry Name="23897450944_hVY.914.idx" Filter="1" />
    <FileEntry Name="23897450944_YpJ.826.idx" Filter="1" />
    <FileEntry Name="267695376440.idx" Filter="1" />
    <FileEntry Name="33288778440.idx" Filter="1" />
    <FileEntry Name="59208000440.idx" Filter="1" />
    <FileEntry Name="Bookmarks.xml" Filter="1" />
    <FileEntry Name="Breakpoints.xml" Filter="1" />
    <FileEntry Name="CompilerLogMetadata.xml" Filter="1" />
    <FileEntry Name="custom_body_variables.txt" Filter="1" />
    <FileEntry Name="logfile.log" Filter="1" />
    <FileEntry Name="lrw_custom_body.h" Filter="1" />
    <FileEntry Name="mdrv.log" Filter="1" />
    <FileEntry Name="mdrv_cmd.txt" Filter="1" />
    <FileEntry Name="options.txt" Filter="1" />
    <FileEntry Name="output.bak" Filter="1" />
    <FileEntry Name="output.txt" Filter="1" />
    <FileEntry Name="OutputColoringDatabase.json" Filter="1" />
    <FileEntry Name="ReplaySummaryReport.xml" Filter="1" />
    <FileEntry Name="ScriptUploadMetadata.xml" Filter="1" />
    <FileEntry Name="seatPref(1).dat" Filter="1" />
    <FileEntry Name="TransactionsData.db" Filter="1" />
    <FileEntry Name="UC2_BuyTicket.c.pickle" Filter="1" />
    <FileEntry Name="UC2_BuyTicket.ci" Filter="1" />
    <FileEntry Name="UC2_BuyTicket.prm.bak" Filter="1" />
    <FileEntry Name="UserTasks.xml" Filter="1" />
    <FileEntry Name="data\" Filter="1" />
    <FileEntry Name="result1\" Filter="1" />
  </GeneralFiles>
</VugenScriptMetadata>